{"osp": 15, "osp_minus": 1, "osp_hole": "m6", "ospe": 7.5, "ospe_minus": 0.5, "ospe_hole": "m3", "hole_radius_m15d_laser": 0.8, "hole_radius_m15d_true": 0.8, "hole_radius_m15d_3dpr": 0.9, "hole_radius_m3_laser": 1.5, "hole_radius_m3_true": 1.5, "hole_radius_m3_3dpr": 1.7, "hole_radius_m6_laser": 3.0, "hole_radius_m6_true": 3.0, "hole_radius_m6_3dpr": 3.25, "nut_radius_m15d_laser": 1.8464, "nut_radius_m15d_true": 1.8464, "nut_radius_m15d_3dpr": 2.0195, "nut_depth_m15d_laser": 1.3, "nut_depth_m15d_true": 1.3, "nut_depth_m15d_3dpr": 1.5, "nut_radius_m3_laser": 3.1734999999999998, "nut_radius_m3_true": 3.1734999999999998, "nut_radius_m3_3dpr": 3.3465999999999996, "nut_depth_m3_laser": 2.5, "nut_depth_m3_true": 2.5, "nut_depth_m3_3dpr": 3, "nut_radius_m6_laser": 5.77, "nut_radius_m6_true": 5.77, "nut_radius_m6_3dpr": 5.914249999999999, "nut_depth_m6_laser": 5, "nut_depth_m6_true": 5, "nut_depth_m6_3dpr": 5.5, "nut_radius_loose_m15d_laser": 2.0464, "nut_radius_loose_m15d_true": 2.0464, "nut_radius_loose_m15d_3dpr": 2.2195, "nut_depth_loose_m15d_laser": 1.4000000000000001, "nut_depth_loose_m15d_true": 1.4000000000000001, "nut_depth_loose_m15d_3dpr": 1.6, "nut_radius_loose_m3_laser": 3.2735, "nut_radius_loose_m3_true": 3.2735, "nut_radius_loose_m3_3dpr": 3.4465999999999997, "nut_depth_loose_m3_laser": 2.6, "nut_depth_loose_m3_true": 2.6, "nut_depth_loose_m3_3dpr": 3.1, "nut_radius_loose_m6_laser": 6.17, "nut_radius_loose_m6_true": 6.17, "nut_radius_loose_m6_3dpr": 6.3142499999999995, "nut_depth_loose_m6_laser": 5.4, "nut_depth_loose_m6_true": 5.4, "nut_depth_loose_m6_3dpr": 5.9, "nut_width_m15d_laser": 3.6928, "nut_width_m15d_true": 3.6928, "nut_width_m15d_3dpr": 4.039, "nut_height_m15d_laser": 2.2530329289428077, "nut_height_m15d_true": 2.2530329289428077, "nut_height_m15d_3dpr": 2.5996533795493937, "nut_width_m3_laser": 6.3469999999999995, "nut_width_m3_true": 6.3469999999999995, "nut_width_m3_3dpr": 6.693199999999999, "nut_height_m3_laser": 4.332755632582323, "nut_height_m3_true": 4.332755632582323, "nut_height_m3_3dpr": 5.199306759098787, "nut_width_m6_laser": 11.54, "nut_width_m6_true": 11.54, "nut_width_m6_3dpr": 11.828499999999998, "nut_height_m6_laser": 8.665511265164646, "nut_height_m6_true": 8.665511265164646, "nut_height_m6_3dpr": 9.53206239168111, "screw_radius_m15d_laser": 0.8, "screw_radius_m15d_true": 0.8, "screw_radius_m15d_3dpr": 0.9, "screw_countersunk_radius_m15d_laser": 1.45, "screw_countersunk_radius_m15d_true": 1.45, "screw_countersunk_radius_m15d_3dpr": 1.8, "screw_countersunk_height_m15d_laser": 0.85, "screw_countersunk_height_m15d_true": 0.85, "screw_countersunk_height_m15d_3dpr": 0.95, "screw_radius_m3_laser": 1.5, "screw_radius_m3_true": 1.5, "screw_radius_m3_3dpr": 1.7, "screw_countersunk_radius_m3_laser": 2.9, "screw_countersunk_radius_m3_true": 2.9, "screw_countersunk_radius_m3_3dpr": 3.6, "screw_countersunk_height_m3_laser": 1.7, "screw_countersunk_height_m3_true": 1.7, "screw_countersunk_height_m3_3dpr": 1.9, "screw_radius_m6_laser": 3.0, "screw_radius_m6_true": 3.0, "screw_radius_m6_3dpr": 3.25, "screw_countersunk_radius_m6_laser": 3.0, "screw_countersunk_radius_m6_true": 3.0, "screw_countersunk_radius_m6_3dpr": 3.6, "screw_countersunk_height_m6_laser": 3.3, "screw_countersunk_height_m6_true": 3.3, "screw_countersunk_height_m6_3dpr": 3.7, "screw__countersunk_height_m15d_laser": 2.9, "screw__countersunk_height_m15d_true": 2.9, "screw__countersunk_height_m15d_3dpr": 3.6, "screw__countersunk_width_m15d_laser": 0.85, "screw__countersunk_width_m15d_true": 0.85, "screw__countersunk_width_m15d_3dpr": 0.95, "screw__countersunk_height_m3_laser": 5.8, "screw__countersunk_height_m3_true": 5.8, "screw__countersunk_height_m3_3dpr": 7.2, "screw__countersunk_width_m3_laser": 1.7, "screw__countersunk_width_m3_true": 1.7, "screw__countersunk_width_m3_3dpr": 1.9, "screw__countersunk_height_m6_laser": 6.0, "screw__countersunk_height_m6_true": 6.0, "screw__countersunk_height_m6_3dpr": 7.2, "screw__countersunk_width_m6_laser": 3.3, "screw__countersunk_width_m6_true": 3.3, "screw__countersunk_width_m6_3dpr": 3.7}